INSERT INTO USERS (id, name) VALUES (1,'user1');
INSERT INTO USERS (id, name) VALUES (2,'user2');
INSERT INTO USERS (id, name) VALUES (3,'user3');
INSERT INTO USERS (id, name) VALUES (4,'user4');

INSERT INTO BADGES (id, created, description, image) VALUES (1, '2024-01-25T21:39:00+01:00', 'event 01', FILE_READ('src/main/resources/static/01.png'));
INSERT INTO BADGES (id, created, description, image) VALUES (2, '2024-01-25T21:39:00+01:00', 'event 02', FILE_READ('src/main/resources/static/02.png'));
INSERT INTO BADGES (id, created, description, image) VALUES (3, '2024-01-25T21:39:00+01:00', 'event 03', FILE_READ('src/main/resources/static/03.png'));
INSERT INTO BADGES (id, created, description, image) VALUES (4, '2024-01-25T21:39:00+01:00', 'event 04', FILE_READ('src/main/resources/static/04.png'));
INSERT INTO BADGES (id, created, description, image) VALUES (5, '2024-01-25T21:39:00+01:00', 'event 05', FILE_READ('src/main/resources/static/05.png'));
INSERT INTO BADGES (id, created, description, image) VALUES (6, '2024-01-25T21:39:00+01:00', 'event 06', FILE_READ('src/main/resources/static/06.png'));
INSERT INTO BADGES (id, created, description, image) VALUES (7, '2024-01-25T21:39:00+01:00', 'event 07', FILE_READ('src/main/resources/static/07.png'));
INSERT INTO BADGES (id, created, description, image) VALUES (8, '2024-01-25T21:39:00+01:00', 'event 08', FILE_READ('src/main/resources/static/08.png'));
INSERT INTO BADGES (id, created, description, image) VALUES (9, '2024-01-25T21:39:00+01:00', 'event 09', FILE_READ('src/main/resources/static/09.png'));
INSERT INTO BADGES (id, created, description, image) VALUES (10, '2024-01-25T21:39:00+01:00', 'event 10', FILE_READ('src/main/resources/static/10.png'));
INSERT INTO BADGES (id, created, description, image) VALUES (11, '2024-01-25T21:39:00+01:00', 'event 11', FILE_READ('src/main/resources/static/11.png'));
INSERT INTO BADGES (id, created, description, image) VALUES (12, '2024-01-25T21:39:00+01:00', 'event 12', FILE_READ('src/main/resources/static/12.png'));
INSERT INTO BADGES (id, created, description, image) VALUES (13, '2024-01-25T21:39:00+01:00', 'event 13', FILE_READ('src/main/resources/static/13.png'));
INSERT INTO BADGES (id, created, description, image) VALUES (14, '2024-01-25T21:39:00+01:00', 'event 14', FILE_READ('src/main/resources/static/14.png'));
INSERT INTO BADGES (id, created, description, image) VALUES (15, '2024-01-25T21:39:00+01:00', 'event 15', FILE_READ('src/main/resources/static/15.png'));
INSERT INTO BADGES (id, created, description, image) VALUES (16, '2024-01-25T21:39:00+01:00', 'event 16', FILE_READ('src/main/resources/static/16.png'));
INSERT INTO BADGES (id, created, description, image) VALUES (17, '2024-01-25T21:39:00+01:00', 'event 17', FILE_READ('src/main/resources/static/17.png'));
INSERT INTO BADGES (id, created, description, image) VALUES (18, '2024-01-25T21:39:00+01:00', 'event 18', FILE_READ('src/main/resources/static/18.png'));
INSERT INTO BADGES (id, created, description, image) VALUES (19, '2024-01-25T21:39:00+01:00', 'event 19', FILE_READ('src/main/resources/static/19.png'));
INSERT INTO BADGES (id, created, description, image) VALUES (20, '2024-01-25T21:39:00+01:00', 'event 20', FILE_READ('src/main/resources/static/20.png'));

INSERT INTO USERS2BADGES (USERS_ID, BADGES_ID) VALUES (1, 1);
INSERT INTO USERS2BADGES (USERS_ID, BADGES_ID) VALUES (1, 2);
INSERT INTO USERS2BADGES (USERS_ID, BADGES_ID) VALUES (1, 4);
INSERT INTO USERS2BADGES (USERS_ID, BADGES_ID) VALUES (1, 5);
INSERT INTO USERS2BADGES (USERS_ID, BADGES_ID) VALUES (1, 6);
INSERT INTO USERS2BADGES (USERS_ID, BADGES_ID) VALUES (1, 7);
INSERT INTO USERS2BADGES (USERS_ID, BADGES_ID) VALUES (1, 9);
INSERT INTO USERS2BADGES (USERS_ID, BADGES_ID) VALUES (1, 11);
INSERT INTO USERS2BADGES (USERS_ID, BADGES_ID) VALUES (1, 15);
INSERT INTO USERS2BADGES (USERS_ID, BADGES_ID) VALUES (1, 17);
INSERT INTO USERS2BADGES (USERS_ID, BADGES_ID) VALUES (1, 16);
INSERT INTO USERS2BADGES (USERS_ID, BADGES_ID) VALUES (1, 12);
INSERT INTO USERS2BADGES (USERS_ID, BADGES_ID) VALUES (1, 20);
INSERT INTO USERS2BADGES (USERS_ID, BADGES_ID) VALUES (1, 19);

INSERT INTO USERS2BADGES (USERS_ID, BADGES_ID) VALUES (2, 8);
INSERT INTO USERS2BADGES (USERS_ID, BADGES_ID) VALUES (2, 12);
INSERT INTO USERS2BADGES (USERS_ID, BADGES_ID) VALUES (2, 7);
INSERT INTO USERS2BADGES (USERS_ID, BADGES_ID) VALUES (2, 13);
INSERT INTO USERS2BADGES (USERS_ID, BADGES_ID) VALUES (2, 4);
INSERT INTO USERS2BADGES (USERS_ID, BADGES_ID) VALUES (2, 1);
INSERT INTO USERS2BADGES (USERS_ID, BADGES_ID) VALUES (2, 3);

INSERT INTO USERS2BADGES (USERS_ID, BADGES_ID) VALUES (3, 1);
INSERT INTO USERS2BADGES (USERS_ID, BADGES_ID) VALUES (3, 2);
INSERT INTO USERS2BADGES (USERS_ID, BADGES_ID) VALUES (3, 3);
INSERT INTO USERS2BADGES (USERS_ID, BADGES_ID) VALUES (3, 4);
INSERT INTO USERS2BADGES (USERS_ID, BADGES_ID) VALUES (3, 5);
INSERT INTO USERS2BADGES (USERS_ID, BADGES_ID) VALUES (3, 6);
INSERT INTO USERS2BADGES (USERS_ID, BADGES_ID) VALUES (3, 7);
INSERT INTO USERS2BADGES (USERS_ID, BADGES_ID) VALUES (3, 8);
INSERT INTO USERS2BADGES (USERS_ID, BADGES_ID) VALUES (3, 9);
INSERT INTO USERS2BADGES (USERS_ID, BADGES_ID) VALUES (3, 10);
INSERT INTO USERS2BADGES (USERS_ID, BADGES_ID) VALUES (3, 11);
INSERT INTO USERS2BADGES (USERS_ID, BADGES_ID) VALUES (3, 12);
INSERT INTO USERS2BADGES (USERS_ID, BADGES_ID) VALUES (3, 13);
INSERT INTO USERS2BADGES (USERS_ID, BADGES_ID) VALUES (3, 14);
INSERT INTO USERS2BADGES (USERS_ID, BADGES_ID) VALUES (3, 15);
INSERT INTO USERS2BADGES (USERS_ID, BADGES_ID) VALUES (3, 16);
INSERT INTO USERS2BADGES (USERS_ID, BADGES_ID) VALUES (3, 17);
INSERT INTO USERS2BADGES (USERS_ID, BADGES_ID) VALUES (3, 18);
INSERT INTO USERS2BADGES (USERS_ID, BADGES_ID) VALUES (3, 19);
INSERT INTO USERS2BADGES (USERS_ID, BADGES_ID) VALUES (3, 20);

INSERT INTO USERS2BADGES (USERS_ID, BADGES_ID) VALUES (4, 7);
INSERT INTO USERS2BADGES (USERS_ID, BADGES_ID) VALUES (4, 16);
